step,train_loss,lr,elapsed_sec,eval_model_nll,eval_bayes_nll,eval_gap_pct
1,0.7066153883934021,0.0003,1.4468848705291748,0.681591528185968,0.4882685760371537,39.59356830166025
