k,state,true_mean,sample_mean,sample_std,abs_err
3,0,0.5,0.5436819163554639,0.28931420546960074,0.04368191635546392
3,1,0.3333333333333333,0.30981618791974663,0.2289470147991307,0.023517145413586682
3,2,0.6666666666666666,0.6918104360122548,0.25503829866163114,0.02514376934558815
3,3,0.6,0.5914765226045892,0.2004856009711577,0.008523477395410817
3,4,0.6666666666666666,0.6490924358163994,0.23424045951805106,0.017574230850267214
3,5,0.8,0.7754932729100491,0.17853204645161402,0.02450672708995094
3,6,0.75,0.7453611829182525,0.19705435219346745,0.004638817081747515
3,7,0.25,0.25457444814037294,0.20783381533805845,0.004574448140372944
