step,train_loss,lr,elapsed_sec,eval_model_nll,eval_bayes_nll,eval_gap_pct
1,0.6916817426681519,0.0003,10.743914127349854,0.685151381685615,0.5336448966755235,28.39088051885057
