k,state,true_mean,sample_mean,sample_std,abs_err
2,0,0.15384615384615385,0.1618572930968523,0.11023746731846625,0.008011139250698435
2,1,0.6666666666666666,0.6552455408731132,0.2689432032236814,0.011421125793553477
2,2,0.5,0.5361077753961864,0.29089506732419534,0.03610777539618637
2,3,0.5,0.464124827574961,0.23092268669193355,0.035875172425039015
