step,train_loss,lr,elapsed_sec,eval_model_nll,eval_bayes_nll,eval_gap_pct
1,0.7070261240005493,0.0003,4.504513502120972,0.7910706855935117,0.49982975708917277,58.268025137282834
