k,state,true_mean,sample_mean,sample_std,abs_err
1,0,0.375,0.5590805470253047,0.07285511717751574,0.18408054702530474
1,1,0.8181818181818182,0.600129612736772,0.16043626501654376,0.21805220544504622
