k,baseline_name,target_mode,rollout_length,num_posterior_samples,step2_posterior_mae,step2_posterior_rmse,step3_lpe_rel_error_median_pct,step3_lpe_rel_error_mean_pct
1,true_bayes_predictive,balanced,200,500,0.0024342535003635812,0.002437758687827619,1641849381.7206542,6698821517490.681
2,true_bayes_predictive,balanced,400,500,0.009008767685564991,0.01594788116646895,99.99999933571549,105260128846015.55
3,true_bayes_predictive,balanced,800,500,0.005992307546742879,0.0074201929667546,99.99995979290469,218062204764.7195
