{
  "cross_entropy_components": {
    "covariance_final": {
      "ce_step1": 3.3626770973205566,
      "ce_step2": 3.8681068420410156
    },
    "exact_final": {
      "ce_step1": 2.1918702125549316,
      "ce_step2": 2.6711862087249756
    },
    "init": {
      "ce_step1": 3.3642992973327637,
      "ce_step2": 3.869021415710449
    }
  },
  "histories": {
    "covariance": [
      {
        "J": 3.6166603565216064,
        "ce_step1": 3.3642992973327637,
        "ce_step2": 3.869021415710449,
        "elapsed_sec": 0.019814729690551758,
        "ess": 1.9999995231628418,
        "ess_frac": 0.9999997615814209,
        "grad_norm": 0.002560001565143466,
        "max_w": 0.5002252459526062,
        "mu_mean": 3.904219627380371,
        "mu_std": 0.4491671323776245,
        "step": 0
      },
      {
        "J": 3.615391969680786,
        "ce_step1": 3.3626770973205566,
        "ce_step2": 3.8681068420410156,
        "elapsed_sec": 0.027710914611816406,
        "ess": null,
        "ess_frac": null,
        "grad_norm": null,
        "max_w": null,
        "mu_mean": null,
        "mu_std": null,
        "step": 1
      }
    ],
    "exact": [
      {
        "J": 3.6166603565216064,
        "ce_step1": 3.3642992973327637,
        "ce_step2": 3.869021415710449,
        "elapsed_sec": 0.3908345699310303,
        "grad_norm": 20.81503677368164,
        "step": 0
      },
      {
        "J": 2.431528091430664,
        "ce_step1": 2.1918702125549316,
        "ce_step2": 2.6711862087249756,
        "elapsed_sec": 0.39862561225891113,
        "grad_norm": null,
        "step": 1
      }
    ]
  },
  "objective": {
    "covariance": {
      "J_final": 3.615391969680786,
      "J_init": 3.6166603565216064,
      "absolute_improvement": 0.0012683868408203125,
      "relative_improvement": 0.00035070665082861366
    },
    "exact": {
      "J_final": 2.431528091430664,
      "J_init": 3.6166603565216064,
      "absolute_improvement": 1.1851322650909424,
      "relative_improvement": 0.3276869123067908
    }
  },
  "runtime_sec": {
    "covariance_optimization": 0.027730464935302734,
    "exact_optimization": 0.39864540100097656,
    "pmc_sampling": 0.13192963600158691
  },
  "tau": [
    0.20091639459133148,
    2.1428020772873424e-05,
    0.5098201632499695,
    0.17076455056667328,
    0.11847745627164841
  ],
  "top_tokens": [
    {
      "p1_cov_final": 0.20702232420444489,
      "p1_exact_final": 0.34438180923461914,
      "p1_init": 0.20698429644107819,
      "p2_marg_cov_final": 0.23525592684745789,
      "p2_marg_exact_final": 0.3757706880569458,
      "p2_marg_init": 0.2351902574300766,
      "tau": 0.5098201632499695,
      "token": "C",
      "token_id": 2
    },
    {
      "p1_cov_final": 1.3094518802603261e-09,
      "p1_exact_final": 4.291617894391919e-10,
      "p1_init": 1.3123824249561267e-09,
      "p2_marg_cov_final": 2.373750529471863e-09,
      "p2_marg_exact_final": 1.276601740984873e-10,
      "p2_marg_init": 2.379389574258539e-09,
      "tau": 0.20091639459133148,
      "token": "<|endoftext|>",
      "token_id": 0
    },
    {
      "p1_cov_final": 0.35441508889198303,
      "p1_exact_final": 0.4247194230556488,
      "p1_init": 0.3541618883609772,
      "p2_marg_cov_final": 0.2246026247739792,
      "p2_marg_exact_final": 0.3042445778846741,
      "p2_marg_init": 0.22448670864105225,
      "tau": 0.17076455056667328,
      "token": "G",
      "token_id": 3
    },
    {
      "p1_cov_final": 0.24578434228897095,
      "p1_exact_final": 0.14773721992969513,
      "p1_init": 0.2459045648574829,
      "p2_marg_cov_final": 0.2894390821456909,
      "p2_marg_exact_final": 0.18099890649318695,
      "p2_marg_init": 0.2895306646823883,
      "tau": 0.11847745627164841,
      "token": "T",
      "token_id": 4
    },
    {
      "p1_cov_final": 0.19277827441692352,
      "p1_exact_final": 0.08316154778003693,
      "p1_init": 0.1929493248462677,
      "p2_marg_cov_final": 0.2507024109363556,
      "p2_marg_exact_final": 0.13898587226867676,
      "p2_marg_init": 0.2507924735546112,
      "tau": 2.1428020772873424e-05,
      "token": "A",
      "token_id": 1
    }
  ]
}