step,train_loss,lr,elapsed_sec,eval_model_nll,eval_bayes_nll,eval_gap_pct
1,0.6978211998939514,0.0003,12.277820587158203,0.8317915732682841,0.5336448966755235,55.86986373338171
