step,train_loss,lr,elapsed_sec,eval_model_nll,eval_bayes_nll,eval_gap_pct
1,0.6755049228668213,0.0003,2.3011434078216553,0.8241219487765791,0.38412220673433917,114.54681201145601
