k,state,true_mean,sample_mean,sample_std,abs_err
1,0,0.5454545454545454,0.5352002444777135,0.1574661200565007,0.010254300976831887
1,1,0.25,0.24358453536156663,0.16212501435640114,0.006415464638433371
