step,train_loss,lr,elapsed_sec,eval_model_nll,eval_bayes_nll,eval_gap_pct
1,0.7063615918159485,0.0003,1.4244420528411865,0.8718988491342246,0.35736719700258573,143.978422319471
2,1.50234854221344,0.0003,2.0402159690856934,0.8969961694809255,0.5601911805519963,60.12322232510894
