step,train_loss,lr,elapsed_sec,eval_model_nll,eval_bayes_nll,eval_gap_pct
1,0.6885116696357727,0.0003,7.2992730140686035,0.7594991232611754,0.5103049551109642,48.83240220468264
