step,train_loss,lr,elapsed_sec,eval_model_nll,eval_bayes_nll,eval_gap_pct
1,0.7105720639228821,0.0003,7.22493314743042,1.2548164923364724,0.5103049551109642,145.89541601915596
