step,train_loss,lr,elapsed_sec,eval_model_nll,eval_bayes_nll,eval_gap_pct
1,0.6874919533729553,0.0003,2.8108737468719482,0.7737946449503,0.46553572212693634,66.215954688717
