step,train_loss,lr,elapsed_sec,eval_model_nll,eval_bayes_nll,eval_gap_pct
1,0.7069408297538757,0.0003,3.9373939037323,0.7368511395955745,0.5201855618461994,41.651593900531125
