step,train_loss,lr,elapsed_sec,eval_model_nll,eval_bayes_nll,eval_gap_pct
1,0.6983342170715332,0.0003,2.5316309928894043,0.8370719388831583,0.46553572212693634,79.80831525854771
