{
  "converged": false,
  "convergence_checkpoint": null,
  "effective_context_window": 256,
  "final_tokens": 3000,
  "final_unigram": [
    0.0,
    0.0,
    0.07933333333333334,
    0.035,
    0.006333333333333333,
    0.03833333333333333,
    0.007,
    0.019666666666666666,
    0.03133333333333333,
    0.024666666666666667,
    0.012333333333333333,
    0.013333333333333334,
    0.034,
    0.019333333333333334,
    0.008666666666666666,
    0.007333333333333333,
    0.043666666666666666,
    0.0036666666666666666,
    0.030333333333333334,
    0.008333333333333333,
    0.026333333333333334,
    0.009333333333333334,
    0.12433333333333334,
    0.007333333333333333,
    0.022,
    0.006333333333333333,
    0.04466666666666667,
    0.012,
    0.04133333333333333,
    0.033,
    0.0036666666666666666,
    0.029666666666666668,
    0.012666666666666666,
    0.056666666666666664,
    0.056,
    0.03833333333333333,
    0.004666666666666667,
    0.0033333333333333335,
    0.018666666666666668,
    0.001,
    0.0026666666666666666,
    0.013333333333333334,
    0.005333333333333333,
    0.003,
    0.001,
    0.0003333333333333333,
    0.0,
    0.0003333333333333333,
    0.0,
    0.0,
    0.0
  ],
  "max_order": 3,
  "max_position_embeddings": 256,
  "model_id": "phonemetransformers/GPT2-85M-CHAR-PHON",
  "runtime_sec": 20.17985486984253,
  "seed": 0,
  "start_token_id": 3,
  "start_token_mode": "bos",
  "stop_reason": "max_tokens_reached",
  "supports": {
    "bigram_min_support": 500,
    "trigram_min_support": 200
  },
  "thresholds": {
    "bigram_tv_p95": 0.03,
    "trigram_tv_p95": 0.05,
    "unigram_max_delta": 0.002,
    "window_checkpoints": 2
  },
  "vocab_size": 51
}