step,train_loss,lr,elapsed_sec,eval_model_nll,eval_bayes_nll,eval_gap_pct
1,0.7063615918159485,0.0003,4.058667898178101,0.8718988491342246,0.35736719700258573,143.978422319471
